code,used,used_by,used_at
KB-24AP,,,
KB-256U,,,
KB-25KU,,,
KB-26A9,,,
KB-27Q3,,,
KB-286H,,,
KB-2CGV,,,
KB-2EAK,,,
KB-2F5A,,,
KB-2FJA,,,
KB-2HEC,,,
KB-2J52,,,
KB-2L97,,,
KB-2M2D,,,
KB-2MK9,,,
KB-2N4U,,,
KB-2R2J,,,
KB-2UE5,,,
KB-2UP7,,,
KB-2VRD,,,
KB-2YMN,,,
KB-2Z7T,,,
KB-32T9,,,
KB-3AF4,,,
KB-3B99,,,
KB-3BJ5,,,
KB-3BN9,,,
KB-3BUU,,,
KB-3D9M,,,
KB-3FJE,,,
KB-3J2Z,,,
KB-3KLB,,,
KB-3R6E,,,
KB-3TLL,,,
KB-3TQZ,,,
KB-3UHZ,,,
KB-3V6U,,,
KB-3YR2,,,
KB-3YS3,,,
KB-4AME,,,
KB-4E4L,,,
KB-4G79,,,
KB-4JH7,,,
KB-4PP3,,,
KB-4SNG,,,
KB-4T6Z,,,
KB-4VCS,,,
KB-4W3V,,,
KB-4WH2,,,
KB-4WUF,,,
KB-4WWP,,,
KB-57BF,,,
KB-585D,,,
KB-5B5D,,,
KB-5CC9,,,
KB-5EB9,,,
KB-5JAE,,,
KB-64WZ,,,
KB-692B,,,
KB-6A78,,,
KB-6AAR,,,
KB-6BXQ,,,
KB-6DYU,,,
KB-6E2K,,,
KB-6GRA,,,
KB-6HT6,,,
KB-6KRW,,,
KB-6L5Z,,,
KB-6LFG,,,
KB-6LR9,,,
KB-6NLU,,,
KB-6PJ8,,,
KB-6PWX,,,
KB-6Q5X,,,
KB-6TSJ,,,
KB-6W93,,,
KB-6WPW,,,
KB-6XVH,,,
KB-6ZW2,,,
KB-74A5,,,
KB-753P,,,
KB-765H,,,
KB-78YZ,,,
KB-7A4M,,,
KB-7DEM,,,
KB-7EUE,,,
KB-7H5K,,,
KB-7MZ4,,,
KB-7NHW,,,
KB-7Q5N,,,
KB-7RSD,,,
KB-7UTB,,,
KB-7V9S,,,
KB-7WE5,,,
KB-7YUJ,,,
KB-8282,,,
KB-82CR,,,
KB-83JZ,,,
KB-846E,,,
KB-85J5,,,
KB-883W,,,
KB-899P,,,
KB-89RW,,,
KB-8ALK,,,
KB-8C4V,,,
KB-8D6R,,,
KB-8J8F,,,
KB-8LDN,,,
KB-8TB8,,,
KB-8TLK,,,
KB-8UTJ,,,
KB-8UVT,,,
KB-8UZM,,,
KB-8W29,,,
KB-933S,,,
KB-93C3,,,
KB-948V,,,
KB-95KU,,,
KB-97QU,,,
KB-98VR,,,
KB-9A5J,,,
KB-9BRY,,,
KB-9C7W,,,
KB-9DKV,,,
KB-9HDH,,,
KB-9LNT,,,
KB-9LRL,,,
KB-9TA7,,,
KB-9TGC,,,
KB-9VU6,,,
KB-9X3S,,,
KB-A2TE,,,
KB-A2TL,,,
KB-AAPY,,,
KB-AAV7,,,
KB-AB6A,,,
KB-AD39,,,
KB-AE5V,,,
KB-AEAS,,,
KB-AF7B,,,
KB-AFKZ,,,
KB-AGA7,,,
KB-AHVE,,,
KB-AKW3,,,
KB-AQ99,,,
KB-AT44,,,
KB-AW43,,,
KB-B22J,,,
KB-B22Z,,,
KB-B5TL,,,
KB-B5XH,,,
KB-BB4L,,,
KB-BB93,,,
KB-BD39,,,
KB-BEGC,,,
KB-BG3K,,,
KB-BGSD,,,
KB-BH2J,,,
KB-BHRV,,,
KB-BJC9,,,
KB-BKTY,,,
KB-BMJY,,,
KB-BS2T,,,
KB-BSNR,,,
KB-BST6,,,
KB-BU4B,,,
KB-BUK2,,,
KB-BV96,,,
KB-BWT9,,,
KB-C4T4,,,
KB-C6Q9,,,
KB-C6WK,,,
KB-CB9Y,,,
KB-CFL2,,,
KB-CG3G,,,
KB-CG6C,,,
KB-CH6H,,,
KB-CHBV,,,
KB-CJ5Z,,,
KB-CKFZ,,,
KB-CNVE,,,
KB-CNYK,,,
KB-CPE9,,,
KB-CPLW,,,
KB-CSE4,,,
KB-CV4W,,,
KB-D42N,,,
KB-D6HX,,,
KB-D7DB,,,
KB-D7ET,,,
KB-D9AV,,,
KB-DBU9,,,
KB-DCSA,,,
KB-DKCG,,,
KB-DL7Z,,,
KB-DPL8,,,
KB-DR6N,,,
KB-DSYH,,,
KB-DUYD,,,
KB-E2J5,,,
KB-E4JJ,,,
KB-E62A,,,
KB-E64W,,,
KB-EA43,,,
KB-EB85,,,
KB-EEZ3,,,
KB-EGPV,,,
KB-EJG6,,,
KB-ELA5,,,
KB-ELWS,,,
KB-EM8D,,,
KB-EQPA,,,
KB-ERTH,,,
KB-ERUV,,,
KB-ES3S,,,
KB-ESQT,,,
KB-EUHX,,,
KB-EYFE,,,
KB-F24U,,,
KB-F3ET,,,
KB-F3XW,,,
KB-F65N,,,
KB-FB6H,,,
KB-FB7S,,,
KB-FEB8,,,
KB-FGRY,,,
KB-FNE7,,,
KB-FNYC,,,
KB-FP2V,,,
KB-FQPN,,,
KB-FRSK,,,
KB-FTZT,,,
KB-FULM,,,
KB-FZ65,,,
KB-G2WR,,,
KB-G4MW,,,
KB-GDX4,,,
KB-GH5S,,,
KB-GL57,,,
KB-GNVV,,,
KB-GPLS,,,
KB-GQ7N,,,
KB-GX4E,,,
KB-GZT2,,,
KB-H2H6,,,
KB-H6F5,,,
KB-HETJ,,,
KB-HEV2,,,
KB-HF2T,,,
KB-HKL8,,,
KB-HLFN,,,
KB-HM6D,,,
KB-HTJY,,,
KB-HU5L,,,
KB-HVG5,,,
KB-HVHU,,,
KB-HW5C,,,
KB-HYSH,,,
KB-HYU3,,,
KB-J36E,,,
KB-J74B,,,
KB-J84P,,,
KB-J8JL,,,
KB-JAFU,,,
KB-JFG4,,,
KB-JFTW,,,
KB-JKZM,,,
KB-JPJ9,,,
KB-JPTG,,,
KB-JQ5V,,,
KB-JQ7C,,,
KB-JUB3,,,
KB-JY2L,,,
KB-JYJX,,,
KB-JYWL,,,
KB-K2Q2,,,
KB-K4XM,,,
KB-K4YF,,,
KB-K5TS,,,
KB-K7XP,,,
KB-KCFR,,,
KB-KD2X,,,
KB-KEN8,,,
KB-KJ2T,,,
KB-KJDV,,,
KB-KL5V,,,
KB-KMJM,,,
KB-KMKU,,,
KB-KPNQ,,,
KB-KSFG,,,
KB-KSFT,,,
KB-KSRT,,,
KB-KUCX,,,
KB-KXM5,,,
KB-L22V,,,
KB-L2H9,,,
KB-L3PL,,,
KB-L43G,,,
KB-L5TZ,,,
KB-L8L9,,,
KB-LBTG,,,
KB-LH5A,,,
KB-LMNE,,,
KB-LNB2,,,
KB-LTFR,,,
KB-LXJU,,,
KB-LYBS,,,
KB-M267,,,
KB-M3GD,,,
KB-M4L8,,,
KB-M4X6,,,
KB-M75M,,,
KB-M7UV,,,
KB-M97W,,,
KB-M9VZ,,,
KB-MAPW,,,
KB-MGC5,,,
KB-MGMZ,,,
KB-MGWJ,,,
KB-MMNE,,,
KB-MSDK,,,
KB-MVZH,,,
KB-MWY3,,,
KB-MYSU,,,
KB-N7DC,,,
KB-NCWH,,,
KB-ND3K,,,
KB-NEHR,,,
KB-NENF,,,
KB-NH4N,,,
KB-NJY3,,,
KB-NL34,,,
KB-NLYN,,,
KB-NMBW,,,
KB-NU4C,,,
KB-NXR5,,,
KB-NXWR,,,
KB-P2GZ,,,
KB-P3XC,,,
KB-P62K,,,
KB-P735,,,
KB-P7T2,,,
KB-P82H,,,
KB-PBUJ,,,
KB-PGKD,,,
KB-PMAX,,,
KB-PQTG,,,
KB-PRC2,,,
KB-PTK8,,,
KB-PU2N,,,
KB-PWUF,,,
KB-PZNZ,,,
KB-Q28Z,,,
KB-Q57E,,,
KB-Q6V5,,,
KB-Q778,,,
KB-Q7LD,,,
KB-Q8PK,,,
KB-QAK8,,,
KB-QCQC,,,
KB-QDN2,,,
KB-QDQX,,,
KB-QDXQ,,,
KB-QEF8,,,
KB-QF27,,,
KB-QFB5,,,
KB-QFY9,,,
KB-QGA9,,,
KB-QHJP,,,
KB-QMTQ,,,
KB-QP7V,,,
KB-QQA5,,,
KB-QTF8,,,
KB-QWR6,,,
KB-QXJ6,,,
KB-QYEU,,,
KB-QZPM,,,
KB-R3CA,,,
KB-R4ZS,,,
KB-R8QL,,,
KB-RC2S,,,
KB-RGS9,,,
KB-RH9Z,,,
KB-RK9J,,,
KB-RKNQ,,,
KB-RLSB,,,
KB-RP84,,,
KB-RTH8,,,
KB-RV6S,,,
KB-RVY6,,,
KB-RWX2,,,
KB-RYC4,,,
KB-RZFV,,,
KB-RZU4,,,
KB-SB99,,,
KB-SEQB,,,
KB-SFQ3,,,
KB-SPHY,,,
KB-SRMY,,,
KB-STSZ,,,
KB-SUNQ,,,
KB-SXU6,,,
KB-T4C3,,,
KB-TBUF,,,
KB-TE9R,,,
KB-TFUP,,,
KB-TGJJ,,,
KB-TK6P,,,
KB-TMWG,,,
KB-TSJY,,,
KB-TTG3,,,
KB-TU7A,,,
KB-TX29,,,
KB-TXN7,,,
KB-U37J,,,
KB-U5G7,,,
KB-U5HK,,,
KB-U5S2,,,
KB-U5VP,,,
KB-UDU8,,,
KB-UJT5,,,
KB-ULMP,,,
KB-UN2M,,,
KB-UTVN,,,
KB-UX5U,,,
KB-UXE6,,,
KB-UXHB,,,
KB-UY3U,,,
KB-UY48,,,
KB-UYFD,,,
KB-V33U,,,
KB-V99U,,,
KB-VFYP,,,
KB-VHS7,,,
KB-VKQ8,,,
KB-VL5L,,,
KB-VNU5,,,
KB-VP4S,,,
KB-VUAC,,,
KB-VX77,,,
KB-W3U7,,,
KB-WACP,,,
KB-WGMD,,,
KB-WHDH,,,
KB-WKNB,,,
KB-WLZX,,,
KB-WN72,,,
KB-WNHG,,,
KB-WQ76,,,
KB-WR28,,,
KB-WS5N,,,
KB-WUTB,,,
KB-WV7W,,,
KB-WYCT,,,
KB-X24D,,,
KB-X3JR,,,
KB-X7K6,,,
KB-X83N,,,
KB-XAZ5,,,
KB-XDPC,,,
KB-XEP4,,,
KB-XJD3,,,
KB-XK8R,,,
KB-XLKJ,,,
KB-XLN9,,,
KB-XRDQ,,,
KB-XV9P,,,
KB-XW5J,,,
KB-XZMN,,,
KB-Y44G,,,
KB-Y6RY,,,
KB-Y85J,,,
KB-Y98G,,,
KB-Y9UN,,,
KB-YBRL,,,
KB-YE84,,,
KB-YELM,,,
KB-YH5Q,,,
KB-YKA6,,,
KB-YKK3,,,
KB-YMHT,,,
KB-YNSP,,,
KB-YPRP,,,
KB-YQ96,,,
KB-YX6P,,,
KB-YZXU,,,
KB-Z325,,,
KB-Z46L,,,
KB-Z4KB,,,
KB-Z5KV,,,
KB-Z5SA,,,
KB-Z8M2,,,
KB-Z8XN,,,
KB-Z9GU,,,
KB-ZB45,,,
KB-ZDJ3,,,
KB-ZH8L,,,
KB-ZHJS,,,
KB-ZJFZ,,,
KB-ZRUU,,,
